Label,Description
recession,"""The longer rates stay high, the more the Fed risks seriously damaging the economy,"" Claudia Sahm wrote in the Financial Times."
recession,"With the economy looming large in the 2024 election, Treasury Secretary Janet Yellen said she sees âno reasonâ for a recession this year."
recession,Itâs time for the president to adopt the lessons of 2017 and 2012.
recession,"Employee confidence has dropped to an 8-year-low amid high-profile layoffs, even as the labor market remains strong."
recession,The decision comes days after GDP data rebuked fears of a recession.
recession,"""Our conviction that the recession has been delayed but not derailed is still running at a high level,"" David Rosenberg said."
recession,"LegalShield's Consumer Stress Legal Index increased for the 10th month in a row in December, reaching its highest point since November 2020."
recession,"""If I were he, I would be bragging about it too,"" Larry Kudlow said about Biden's reaction to new GDP data."
recession,"The deceleration in historical migration has, in part, been spurred by an increasingly robust job market over the years offering economic opportunity."
recession,Applying how a group that labels recessions in the U.S. to the U.K. shows it would be a tough call.
recession,"Markets are booming, but there's a lot of potential downside risk that investors have to consider, Wall Street pros warn."
recession,"Fears of a recession in the first half of 2024 have melted away like the snow in most of the country this winter, according to a new forecast of top economists released Friday."
recession,"Some economists think the US is well on its way to achieving a ""soft landing"" and avoid a recession, though not everyone agrees."
recession,
recession,Krugman's cheery outlook comes came after new data showed that the US's GDP rose by a better-than-expected 3.3% over the final quarter of 2024.
recession,"A new book by Stewart D. Friedman, founding director of the Wharton Work/Life Integration Project, reveals the surprising results of a 20-year study into menâs and womenâs changing views on work and family."
recession,"The U.S. government is expected to report that employers added a solid 177,000 jobs in January"
recession,"Americans say the economy is doing better. Is the vibecession over? And what might the Dow, gas prices, and eggs have to do with it?"
recession,The number of Americans filing for jobless claims fell last week despite more layoff announcements from high-profile companies recently
recession,The data suggest not one but two risks that could give the White House headaches in the months leading up to November.
recession,"""A soft landing means little if the runway is in an earthquake zone,"" Harvard economist Ken Rogoff wrote in Project Syndicate this week."
recession,"The US will probably tip into an economic downturn by the end of this year, Wells Fargo says."
recession,"Ahead of the release of his book, ""Flip Your Life,"" Tarek El Moussa spoke to Business Insider about the state of real estate in California."
recession,"US economic growth beat expectations in the fourth quarter, and it's outpacing most of the world's wealthiest countries."
recession,"""There's this very powerful and seductive narrative around a soft landing and we're just not seeing it in the data."""
recession,"From mergers to AI, the EU's aggressive rule-making hampers its ability to compete with China and the U.S. Greg Ip, writing for WSJ: These are humbling times for Europe. The continent barely escaped recession late last year as the U.S. boomed. It is losing ouâ¦"
recession,"High interest rates have boosted borrowing costs, creating ""zombie"" companies lurking around the economy."
recession,"Both nations have taken different policy paths, the US consumer is in better shape, and Beijing is navigating a severe real estate crisis."
recession,"The S&P 500 touched 5,000 points for the first time Thursday, but its lofty valuation threatens to weigh on future performance, market veterans said."
recession,"The chairman of the US Federal Reserve, Jerome Powell, said his goal is âto get wages down.â In a press conference on May 4, Powell announced that the Fed would be raising interest rates by half a percentage and implementing policies aimed at reducing inflatiâ¦"
recession,Wall Street veterans break down the case for higher-for-longer interest rates as the economy continues to run hot.
recession,Comments
recession,Investors brace for heightened volatility as they assess election-year market patterns.
recession,"The International Monetary Fund has upgraded its outlook for the world economy this year, envisioning resilient growth led by the United States and a slower pace of inflation"
recession,Strategists say investors should still âstay nimbleâ and be âready to pivotâ amid inflation uncertainty.
recession,"In today's big story, we're looking at why side hustles are all the rage these days."
recession,"If polls are not perfect predictors of an incumbent's reelection, is there something else that is? Observers have long sought the True North by which to set their compass and their expectations."
recession,"A hard economic landing could still happen given geopolitical turmoil, rising inflation, and depleted consumer savings, El-Erian said."
recession,The first part of my two-part look at this historic phenomenon
recession,The 2024 election is a referendum on the Biden presidency.
recession,"A new data release showed real GDP rose at an annualized rate of 3.3% in the last quarter of 2023, less than the 4.9% in the third quarter."
recession,"If you've been waiting â maybe even cheering â for the housing bubble to pop and home prices to plummet, you're out of luck."
recession,The S&P 500 also reached a record high on Monday.
recession,"The US government is spending at an unsustainable rate and sticking future generations with the bill, Federal Reserve chief Jerome Powell said."
recession,Centering U.S. foreign policy on this principle is destabilizing abroad and divisive at home.
recession,Cyclical and small-cap stocks could get a boost this year.
recession,"""While there is a logic to the Fed's approach, delaying could cost us millions of jobs and trillions of dollars in spending and investment."""
recession,"US commercial real estate is undergoing a striking level of price decline, the International Monetary Fund says."
recession,"Complicated financial products helped the U.S. rooftop-solar-power industry grow, but now put it at risk of  becoming the biggest financial scam since the Great Recession."
recession,"Developments in China, Europe, and the United States portend big challenges ahead."
recession,"If gross domestic income is revised, it's likely that the US economy grew slightly above potential in 2023, Goldman Sachs wrote."
recession,"A wave of retiring Baby Boomers means the generation will soon reach ""peak burden"" on the US economy, experts say."
recession,"Stocks are super expensive and set to disappoint, the AI craze is overblown, and the US economy is ""living on air,"" Jeremy Grantham said."
recession,"Fiction by Patrick Langley: In the next ten days, Spider made further appearances. Some were comic, others sinister; most were both."
recession,Bond yields dipped early Wednesday as traders eyed economic data in coming sessions that may color the Federal Reserveâs thinking at next weekâs monetary policy meeting.
recession,"The benchmark index has been flirting with 5,000 in recent days. UBS strategists say the recent strength in equities has been well-supported."
recession,A new NABE survey found economists expect profit margins and sales to improve in 2024 as well as the outlook for inflation and the labor market.
recession,"Gross domestic product, adjusted for inflation, grew at a 3.3% annual rate."
recession,"Growth is king in most industries, and everyone is constantly chasing it. But NYCB has shown expanding too fast in banking can backfire."
recession,"Duke professor Campbell Harvey, who discovered an inverted yield curve reliably predicts recessions, spies trouble ahead as consumers run out of cash."
recession,"""Given the track record of the yield indicator, it is with great peril to ignore it,"" Campbell Harey wrote for Research Affiliates."
recession,Yardeni's cheery outlook comes with the economy expanding at a stronger-than-expected pace and the S&P 500 trading at an all-time high.
recession,"In today's big story, we're looking at the red-hot world of sports investing, with one glaring exception."
recession,"The IMF now expects Russia's GDP to more than double to 2.6% this year and flagged ""high military spending"" as one factor driving the expansion."
recession,Belinda RomÃ¡n teaches at a little-known Catholic university in Texas. She called the economy better than Goldman Sachs and JPMorgan last year.
recession,"""Monetary policy now is as tight as it has ever been on the precipice of a recession."""
recession,It isn't healthy for Wall Street to be celebrating when so many consumers are gloomy.
recession,"The economies in both Japan and the UK contracted in the last three months of 2023, signaling a recession in two G7 countries."
recession,"The total value of global merger-and-acquisition announcements fell 26.7% to $2.27 trillion in 2023, as higher interest rates chilled dealmaking, S&P said on Monday."
recession,"In an all-caps post on Truth Social the former president said investors are betting he'll be re-elected this year, and bemoaned the impact of inflation."
recession,A new Harvard University study found that half of U.S. renters are paying nearly a third of their income on rent
recession,"The UK has entered a recession after GDP contracted 0.3% in the fourth quarter of 2023, the Office for National Statistics said Thursday. This follows a 0.1% GDP decline in Q3. The data shows meager 0.1% growth for the full year, the worst performance since 2â¦"
recession,"The U.S. stock market is facing a tougher climb in 2024, even as investors expect the Federal Reserve will cut interest rates this year, according to Morgan Stanleyâs Andrew Slimmon."
recession,"Anxiety over a possible economic recession continued to fade for most Americans, but plans to buy homes and cars declined."
recession,Wall Street cheered an unexpectedly sharp drop in retail sales after inflation in January came in hotter than expected.
recession,Sights were set on a first Fed rate cut coming in March. But the Fed's surprisingly cautious tone on Wednesday has altered forecasts.
recession,"The job market is probably only half as strong as it looks on the surface, Wells Fargo strategist Erik Nelson said."
recession,"Higher interest rates have dragged down the Russell 2000 index, which tracks small-cap US stocks."
recession,"Even Wedbush analyst Daniel Ives, normally a relentless cheerleader for Tesla TSLA, called Elon Muskâs performance during the companyâs earnings call on Wednesday a âtrain wreck.â"
recession,"Stocks are poised to disappoint, recession alarms are flashing, and speculation is rife in tech and crypto, says market prophet Gary Shilling."
recession,Even without a recession the Y2K bubble shows us that returns on stocks from now on will be meager for this cycle
recession,"The S&amp;P 500 index hit 5,000 for the first time ever, propelled by Wall Street's optimism the Federal Reserve is going to cut interest rates."
recession,"What do you get when you mix football, Las Vegas, Taylor Swift, and America's desire for in-person experiences? A really expensive Super Bowl ticket."
recession,"Stocks will likely suffer as labor hoarding and debt-fueled spending can't stave off a recession for much longer, veteran economist David Rosenberg said."
recession,Legendary forecaster Gary Shilling issued a gloomy outlook for the stock market and predicted a looming economic downturn.
recession,"If life is better than ever before, why does the world seem so depressing?"
recession,"In today's big story, we're looking at why the recent resurgence of Vladimir Putin and Russia comes at an inopportune time for the markets."
recession,"""I don't find speculative manias a turn-on and in my personal finances, I avoid them like the plague,"" economist David Rosenberg writes."
recession,"Americans are feeling better about the economy, but it hasn't helped President Biden's polling."
recession,"Dragonâs Dogma 2 is the first Capcom game priced $70, but it sounds like thereâs more to come."
recession,Biden has vowed retaliation for a drone attack in Jordan that killed 3 U.S. troops. But many worry about getting pulled into another war.
recession,"""Based on data in recent months, we no longer feel it is appropriate to make a mild recession our base case in 2024 or 2025,"" an economist said."
recession,"Companies like McDonald's and Starbucks may be feeling the effects of the Palestinian-led Boycott, Divestment, and Sanctions (BDS) movement."
recession,"In today's big story, we're looking at what a hotter-than-expected inflation report means for markets and the economy."
recession,"Existing trends of wealth inequality became entrenched, new data show."
recession,Be skeptical of predictions based on monetary policy.
recession,"In today's big story, we're looking at theÂ chances of there being no rate cuts this year, and howÂ the markets would react."
ai,Google must ensure that it canât use studentsâ info before school systems in Denmark can use the companyâs education products like Chromebooks and Workspace.
ai,The Samsung Galaxy S24 isnât taking Googleâs Gemini AI with it to China. CNBC reported Friday that the Chinese version of the flagship phone uses Baiduâs Ernie chatbot to power the phoneâs AI-powered features. Ernie arrived last August after reportedly receivâ¦
ai,"Microsoft
 and OpenAI
 say that several state-backed hacking groups are using the latterâs generative AI (GAI) tools to bolster cyberattacks. The pair suggests that new research details for the first time how hackers linked to foreign governments are makingâ¦"
ai,"Google is still mostly supported by ads but its new subscription-only chatbot, Gemini Advanced, is a major new addition to the company's burgeoning services business."
ai,"AI is elbowing its way into ever more jobs, but while how we work will change, people skills will still be the most important factor."
ai,Shopify adds more AI features to the platform. It now offers AI image editing for sellers to change backgrounds on product photos and more intuitive searches.
ai,"Google is adding generative AI to Maps. The feature's in early access and only available for certain areas and for select Local Guides members, but it looks to be an interesting use of the technology. Basically, the tool allows you to speak to the app using nâ¦"
ai,"A month after the mysterious Biden calls in New Hampshire, the FCC can now go after robocall scammers that use AI voice clones."
ai,"Welcome to the weekend. First, read our Vision Pro review, but also try not to look directly at Devindra's Vision Pro avatar. I think it may be cursed. Yes, Apple's vision of the future of computing is here to bleed early adopters of thousands of dollars. I hâ¦"
ai,"After letting rival camera companies catch up for the last few years, Sony laid down a gauntlet with the 24.6-megapixel A9 III. Itâs the worldâs first mirrorless camera with a global shutter, a much-awaited holy grail feature. It completely eliminates rollingâ¦"
ai,"Google's answer to ChatGPT Plus gives you access to Gemini Advanced, its most powerful chatbot yet."
ai,Amazonâs failure to buy iRobot leaves the maker of the Roomba robot vacuum with a big mess to clean up.
ai,A Microsoft manager claims OpenAIâs DALL-E 3 has security vulnerabilities that could allow users to generate violent or explicit images (similar to those that recently targeted Taylor Swift). GeekWire reported Tuesday the companyâs legal team blocked Microsofâ¦
ai,"CEO Sundar Pichai tells WIRED that Google's new, more powerful Gemini chatbot is an experiment in offering users a way to find information and get things done without a search engine."
ai,"Fandomâs new features include automatic image reviews and Quick Answers, which generates Q&A-style dropdowns on characters."
ai,"Itâs been 20 years since Mark Zuckerberg first brought thefacebook.com online from his dorm room. What happened next has been endlessly documented: the Harvard-only social network took over college campuses and, eventually, the world.
The social network occupâ¦"
ai,"Google is bringing its ChatGPT-style chatbot Bard and some other key AI features under the banner Gemini. A new, more powerful version of the chatbot, Gemini Advanced, is subscription-only."
ai,"This week, we look at how domain squatters are using generative AI tools to crank out clickbait, and ask what Google is doing about it."
ai,"Meta plans to ramp up its labeling of AI-generated images across Facebook, Instagram and Threads to help make it clear that the visuals are artificial. It's part of a broader push to tamp down misinformation and disinformation, which is particularly significaâ¦"
ai,The Times plans to hire a mix of engineers and editors for a new team that will experiment with generative AI and machine learning.
ai,"Remember the Apple car rumors? Project Titan, as itâs apparently called, is still progressing, with perhaps, a dose of reality. Bloombergâs Mark Gurman says the companyâs decade-old project has shifted from creating a fully self-driving car to an EV more likeâ¦"
ai,"The Oversight Board is urging Meta to update its manipulated media policy, calling the current rules âincoherent.â The admonishment comes in a closely watched decision about a misleadingly edited
 video of President Joe Biden.
The board ultimately sided withâ¦"
ai,"Mozilla
 is the latest in a long line of tech companies to lay off employees this year. The not-for-profit company is firing around 60 people, which equates to roughly five percent of its workforce. Most of those who are leaving Mozilla worked on the productâ¦"
ai,"NASA wants volunteers for its second year-long simulated Mars mission, the Crew Health and Performance Exploration Analog (CHAPEA 2). For the missionâs duration, starting spring 2025, the four selected crew members will live in a 1,700-square-foot 3D-printed â¦"
ai,A crucial team at Google that reviewed new AI products for compliance with its rules for responsible AI development faces an uncertain future after its leader departed this month.
ai,"Meta announced a new AI code generator, Code Llama 70B. This large language model performs better and handles more data, and itâs available for free."
ai,"The Food and Drug Administration has given the green light to a sleep apnea detection feature on Galaxy Watch devices in the US. It has already picked up approval in South Korea, but Samsung says this is the first approval of its kind in the US.
Obstructive sâ¦"
ai,"NVIDIA is doing very well for itself. The chip maker has overtaken Alphabet, Google's parent company, to become the third most valuable company in the United States, Reuters reports. The news comes almost immediately after NVIDIA pushed past Amazon in the ranâ¦"
ai,"Adam Selipsky, CEO of Amazonâs dominant cloud platform AWS, says generative AI is valuable but that the excitement around some AI companies is similar to when dotcom darlings were âdramatically overhyped.â"
ai,"Music from Taylor Swift, Drake, Bad Bunny and numerous other artists could vanish from TikTok if Universal Music Group follows through on a plan to pull its massive song catalog."
ai,"Plus Masters of the Air, Palworld, Amie, the Macintosh, Apple Podcasts, and more in this edition of the Installer newsletter."
ai,"Microsoft researchers announced LASER, a method that improves the accuracy of large language models by removing some data correlations."
ai,"The biggest podcast in the world makes many people furious, but itâs still the biggest podcast in the world. Now, the man behind The Joe Rogan Experience has signed another deal with Spotify, worth an estimated $250 million. The deal allows the streamer to diâ¦"
ai,"According to The Information, Apple has created two clamshell-style foldable iPhone prototypes, though theyâre all in the early stages of development. If Apple were to move forward with foldable iPhones, they likely wouldnât come to market until at least 2026â¦"
ai,"Sarah Silvermanâs lawsuit against OpenAI will advance with some of her legal teamâs claims dismissed. The comedian sued OpenAI and Meta in July 2023, claiming they trained their AI models on her books and other work without consent. Bloomberg reported on Tuesâ¦"
ai,"Apple is making major changes to the App Store in Europe in response to new European Union laws. Beginning in March, Apple will allow users in the EU to download apps and make purchases from outside its App Store. These changes are already being stress-testedâ¦"
ai,"We still canât stop thinking about the Apple Vision Pro. This week, Cherlynn and Devindra chat with CNETâs Scott Stein about our post-review impressions of Appleâs headset. Weâve got further thoughts about using it in public (maybe donât), the isolation of beâ¦"
ai,"One year after fully embracing generative AI chatbots, Microsoft is giving Copilot a fresh lick of paint. Copilot now has a more streamlined design on the web and in its mobile apps. The company says there's a cleaner look and feel for the chatbot's responsesâ¦"
ai,Universal Music Group is expected to pull its music from TikTok following accusations that it attempted to âbullyâ the record label into accepting a subpar licensing deal.
ai,"Todayâs best deals bring sizable savings on a Sonos Era 100 two-pack, LGâs C3 OLED TV, an AeroPress coffee maker, and Goveeâs Matter-ready light strips."
ai,"Google is rolling out its AI-first Circle to Search feature to Pixel 8 and Pixel 8 Pro phones today, letting users search for things outside of the Google app simply by circling them."
ai,"In a test at one station, Transport for London used a computer vision system to try and detect crime and weapons, people falling on the tracks, and fare dodgers, documents obtained by WIRED show."
ai,"On Thursday, Google unveiled Gemini 1.5 Pro, which the company describes as delivering âdramatically enhanced performanceâ over the previous model. The companyâs AI trajectory â viewed internally as increasingly critical for its future â follows the unveilingâ¦"
ai,"Stability AI promises Stable Cascade generates images faster, follows text prompts better, and offers better âaesthetic qualityâ than Stable Diffusion."
ai,"With todayâs release of Chrome M121, Google announced it will introduce new generative AI features that will make the browser easier to use. The new additions will include a tab organizer, a writing assistant that helps draft text and the option to customize â¦"
ai,Serbian DJ turned internet entrepreneur NebojÅ¡a VujinoviÄ Vujo floods abandoned news sites with AI-generated articles. But he wants you to know he's a nice guy.
ai,"Hereâs how you can opt out of training some of the more popular generative AI models, or use tools like Glaze and Nightshade to protect art thatâs used without permission."
ai,"A whole bunch of big tech companies, 200 in all,
 have joined a US-based effort to advance responsible AI practices. The US AI Safety Institute Consortium (AISIC) will count Meta, Google, Microsoft and Apple as members. Commerce Secretary Gina Raimondo just â¦"
ai,"If you love old PC games, but wish they had access to modern graphical flourishes, NVIDIA has you covered. The company just released a beta version
 of its long-awaited RTX Remix tool. This software is designed especially for modders
 and can be used to addâ¦"
ai,"New York City has officially become the first city in the US to designate social media as a âpublic health hazard.â During a State of the City address, Mayor Eric Adams shared that Health Commissioner Dr. Ashwin Vasan determined apps like Tik Tok and Instagraâ¦"
ai,"Priscilla Chomba-Kinywa, CTO of Greenpeace, says technology firms must shape upâand consumers and business clients should walk away if they donât."
ai,"Last week, The Browser Company, a startup that makes the Arc web browser, released
 a slick new iPhone app called Arc Search. Instead of displaying links, its brand new âBrowse for Meâ feature reads the first handful of pages and summarizes them into a singlâ¦"
ai,"Microsoftâs latest Windows 11 test builds include a new super resolution AI feature. It appears to be similar to DLSS, and could improve game frame rates and image quality."
ai,"Mere days after Alphabet and Google CEO Sudar Pichai warned of more job attrition this year, the company is shedding more staff, at its moonshot lab. Alphabet is also restructuring X (not to be confused with what used to be called Twitter) to make it easier tâ¦"
ai,"ElevenLabs, an AI startup that offers voice cloning services with its tools, has banned the user that created an audio deepfake of Joe Biden used in an attempt to disrupt the elections, according to Bloomberg. The audio impersonating the president was used inâ¦"
ai,"United Airlines had to ground its new Airbus A321neo planes, not due to a major safety issue, but because the light-up âno smokingâ signs are automated.
A 1990 ruling mandates that the signs on aircraft must be manually operated by the crew. Airbus A321neo feâ¦"
ai,Self-righteous chatbot Goody-2 was built to take AI guardrails to an illogical extreme. The artists behind the project say thereâs a serious point behind the gag.
ai,"Back in 2022, the European Commission released a proposal for a directive on how to combat domestic violence and violence against women in other forms. Now, the European Council and Parliament have agreed with the proposal to criminalize, among other things, â¦"
ai,"The Federal Trade Commission is launching an inquiry into massive investments made by Microsoft, Amazon and Alphabet into generative AI startups OpenAI and Anthropic, the agency announced on Thursday. The FTC said that it had issued âcompulsory ordersâ to theâ¦"
ai,"Amazon launched a new generative AI shopping assistant, Rufus, on Thursday. The chatbot is trained on Amazonâs product catalog, customer reviews, community Q&As and âinformation from across the web.â
Amazon views the assistant as customersâ one-stop shop for â¦"
ai,"The latest tech giant impacted by the economy is eBay, which announced earlier today that it is reducing its workforce by around 1,000 roles. That apparently equates to roughly 9 percent of the company's full-time employees. US employees are asked to work froâ¦"
ai,"Yelp just released a substantial app update with more than 20 new features, and several of these tools are packed with, wait for it, AI. The biggest news for regular users is the addition of summaries of business automatically written by AI, which Yelp says wâ¦"
ai,"Paramount Plus is offering a free month of its ad-free plan with Showtime included, allowing you to stream the Super Bowl for free."
ai,OpenAI is launching a new text-to-video model called Sora. The AI model is capable of producing a video based on a text prompt.
ai,"Microsoft bought Wunderlist and shut it down. Now the team behind the app is back with Superlist, a to-do app that combines features from Todoist, Notion, and more."
ai,"Deepfake porn is prolific. The explicit, AI-generated images of Taylor Swift that circulated on X this week are taking the issue to new heights."
ai,"The Mac turned 40, putting Appleâs longest-running product squarely in middle age. But like someone who sees the back half of their life approaching and gets in marathon-runner shape, the Mac is in the strongest place itâs been for decades. While (its own) smâ¦"
ai,"Samsungâs 2024 flagship has landed. The S24 Ultra has a new titanium frame, improved telephoto cameras and is jam-packed with new AI smarts and features. Itâs also more expensive than ever.
Itâs the AI features not hardware that mark this yearâs S23 series, tâ¦"
ai,"A coalition of 20 tech companies signed an agreement Friday to help prevent AI deepfakes in the critical 2024 elections taking place in more than 40 countries. OpenAI, Google, Meta, Amazon, Adobe and X are among the businesses joining the pact to prevent and â¦"
ai,"Appleâs Vision Pro is here â along with a solid collection of third-party launch apps. Although there are some big-name omissions (Netflix, YouTube and Spotify), the headset already supports over a million compatible App Store apps, Appleâs first-party offeriâ¦"
ai,"Chrysler revealed its Halcyon concept, a stunning four-door sports car with electric and autonomous capabilities. And more importantly, itâs not a minivan."
ai,"The search giant spent $2.1 billion on employee severance in 2023, according to its fourth-quarter earnings call, but reported growth across its ad, cloud, and services divisions."
ai,"George Carlinâs estate has filed a lawsuit against the makers of an hour-long comedy special
 featuring an AI replica of the comedian, as reported by 
NBC News.
 The late comedianâs estate, including his daughter Kelly Carlin, filed the suit in a Los Angelâ¦"
ai,"OpenAI has suspended the developer behind Dean.Bot, a ChatGPT-powered bot designed to impersonate Democratic presidential candidate Dean Phillips to help bolster his campaign, according to The Washington Post
. The chatbot was created by AI startup Delphi foâ¦"
ai,"As generative AI (and access to AI tools) continues to grow, expect to see more things like the tumult over âGeorge Carlin: Iâm Glad Iâm Dead.â Released on (then pulled from) YouTube, itâs framed as an hour of new âmaterialâ by the comedian, who died in 2008.â¦"
ai,"In what appears to mark a new era of Russian disinformation, state-run media, Kremlin-backed social accounts, and Telegram channels are hailing Tucker Carlsonâs interview with Russian President Vladimir Putin as a massive victory."
ai,The CEO of GitHub says half of all code produced by users of the Copilot programming helper is now AI-generatedâbut that thereâs no sign the technology will replace human coders.
ai,"A new workforce of language experts, creative writers, and nuclear physicists are turning to data laborâand potentially making their future jobs obsolete in the process."
ai,"Researchers at Apple have unveiled Keyframer, a prototype generative AI tool that enables users to add motion to 2D images by describing how they should be animated."
ai,The rise of AI-generated voices mimicking celebrities and politicians could make it even harder for the Federal Communications Commission (FCC) to fight robocalls and prevent people from getting spammed and scammed. That's why FCC Chairwoman Jessica Rosenworcâ¦
ai,"Plus: State-backed hackers test out generative AI, the US takes down a major Russian military botnet, and 100 hospitals in Romania go offline amid a major ransomware attack."
ai,"A scholar of 18th-century history was overwhelmed by piles of letters, journals, and legal documents. He tried using AI on a whim âÂ and found it surprisingly useful."
ai,"Newly disclosed breaches of Microsoft and Hewlett-Packard Enterprise highlight the persistent threat posed by Midnight Blizzard, a notorious Russian cyber-espionage group."
ai,"WIRED experimented with a new form of voice assistant that can browse the web and perform tasks online. Siri, Alexa, and other virtual helpers could soon be much more powerful."
ai,"Last summer, Elon Musk began rate-limiting the number of tweets users could see on Twitter. Here's the real reason why."
ai,"A woman has a text chat with her long-dead lover. A family gets to hear a deceased elder speak again. A mother gets another chance to say goodbye to her child, who died suddenly, via a digital facsimile. This isn't a preview of the next season of Black Mirrorâ¦"
ai,"If you want to preorder a Samsung Galaxy S24, S24 Plus, or S24 Ultra with a free storage upgrade and up to $200 in gift cards, this might be your last chance to do so."
ai,"Samsung chairman Jay Y. Lee's legal troubles may be in the rearview mirror as a Korean court acquitted him of stock manipulation and accounting fraud charges over a 2015 merger, The Financial Times has reported. The ruling allows Lee to continue leading Samsuâ¦"
ai,"Meta's
 Oversight Board
 has raised concerns over automated moderation while overturning a decision by the company to leave a Holocaust denial post on Instagram. Holocaust denial is deemed hate speech under Meta's policies. The post in question depicted Squâ¦"
ai,"As the US and other countries ponder how to prevent dangerous uses of AI, some researchers suggest building limitations into crucial chips like GPUs to cap the power of algorithms."
ai,The FCC has issued a cease and desist and is working on a new proposal banning AI-generated robocalls.
ai,"Acer unveiled a pair of AMD Ryzen 8040 series laptops on Tuesday. Unsurprisingly, given their chipsâ dedicated neural processing units (NPU), the company is marketing the 2024 Acer Swift Edge 16 and Swift Go 14 as AI workhorses. The Windows 11 machines supporâ¦"
ai,Nvidia is launching a new RTX Video HDR feature for its RTX GPUs. It automatically converts SDR content to HDR using AI algorithms.
ai,OpenAI's entry into generative AI video is an impressive first step.
ai,George Carlinâs estate has filed a copyright infringement lawsuit against Dudesy over a fake hour-long comedy special imitating the deceased starâs voice and comedic style.
ai,A chatbot interface on LinkedIn tries to speed up job searches by offering advice such as an assessment of how well a job opening matches a person's skills.
ai,"Palworld, the game thatâs been dubbed âPokÃ©mon with guns,â has sold a staggering 5 million copies in three days with itâs interesting mix of survival, crafting, and monster-catching elements."
ai,âDistributed acoustic sensingâ looks for disturbances in fiber to detect earthquakes and even insects. Can it also improve rail safety?
ai,"OnePlusâ new $800 Android phone has all the specs youâd want, and looks very polished to boot."
ai,"You can buy the Nintendo Switch with neon blue and red Joy-Cons for just $269 ($30 off), which is a rare deal on the hybrid console."
technology,"No wonder voters are unconvinced when politicians may seem unclear on economic plans, writes Laura Kuenssberg."
technology,"Iâve been using the AIAIAI Unit-4 Wireless+
 studio monitors for a couple of months now. And initially, I wasnât sure what to make of them. Theyâre solid studio monitors with 4-inch woofers and 1-inch silk tweeters. They sound good and look good. But the pitâ¦"
technology,"âIf molecules really were the new microchips, the promise of remote gene editing was that the body could be manipulated to upgrade itself.â An exclusive excerpt from 2054: A Novel."
technology,Amazonâs failure to buy iRobot leaves the maker of the Roomba robot vacuum with a big mess to clean up.
technology,"OpenAI is reportedly developing âagent software,â that will effectively take over your device and complete complex tasks on your behalf, according to The Information. OpenAIâs agent would work between multiple apps on your computer, performing clicks, cursor â¦"
technology,"Xiaolang Zhang, the former Apple employee who pleaded guilty to stealing information about the development of the company's self-driving vehicle, has been sentenced to 120 days in prison followed by a three-year supervised release. Zhang was arrested back in â¦"
technology,"A woman has a text chat with her long-dead lover. A family gets to hear a deceased elder speak again. A mother gets another chance to say goodbye to her child, who died suddenly, via a digital facsimile. This isn't a preview of the next season of Black Mirrorâ¦"
technology,A loose coalition of anti-censorship voices is working to highlight reports of one Indian companyâs hacker-for-hire pastâand the legal threats aimed at making them disappear.
technology,"As much as 10% of the group's workforce could go in the next five years, according to reports."
technology,"Welcome to the weekend. First, read our Vision Pro review, but also try not to look directly at Devindra's Vision Pro avatar. I think it may be cursed. Yes, Apple's vision of the future of computing is here to bleed early adopters of thousands of dollars. I hâ¦"
technology,"Roughly half of the worldâs emissions currently canât be reduced, yet green investment continues to avoid the sectors that need the most helpâmanufacturing, agriculture, and the built environment."
technology,The failure of Astroboticâs lunar lander highlights the struggles in relying on private companies to spearhead efforts to return to the Moon.
technology,"Last week, The Browser Company, a startup that makes the Arc web browser, released
 a slick new iPhone app called Arc Search. Instead of displaying links, its brand new âBrowse for Meâ feature reads the first handful of pages and summarizes them into a singlâ¦"
technology,"A coalition of 20 tech companies signed an agreement Friday to help prevent AI deepfakes in the critical 2024 elections taking place in more than 40 countries. OpenAI, Google, Meta, Amazon, Adobe and X are among the businesses joining the pact to prevent and â¦"
technology,"Meta announced a new AI code generator, Code Llama 70B. This large language model performs better and handles more data, and itâs available for free."
technology,"Artificial intelligence is being increasingly used by police forces, but critics are worried."
technology,"Porsche announced the electric version of its Macan SUV, the first time the automaker is electrifying a preexisting model."
technology,"Microsoft
 and OpenAI
 say that several state-backed hacking groups are using the latterâs generative AI (GAI) tools to bolster cyberattacks. The pair suggests that new research details for the first time how hackers linked to foreign governments are makingâ¦"
technology,Boseâs new earbuds have a clip-on design and attach to your outer ear without blocking your ear canal. This allows you to always hear the outside world along with your music.
technology,"Astronauts on board the International Space Station (ISS) are about to make a new cyborg friend in the form of two short mechanical arms that will do their bidding in the cold, dark vacuum of low Earth orbit. Read more..."
technology,"Google is adding generative AI to Maps. The feature's in early access and only available for certain areas and for select Local Guides members, but it looks to be an interesting use of the technology. Basically, the tool allows you to speak to the app using nâ¦"
technology,"Hereâs how you can opt out of training some of the more popular generative AI models, or use tools like Glaze and Nightshade to protect art thatâs used without permission."
technology,"The most obvious choice for location sharing on Android is Google Maps, as it comes preinstalled. There are other options you can try as well."
technology,"Cheap, highly insulating and sustainable, straw has a lot of potential for the building industry."
technology,"NAMM 2024 is right around the corner, but Korg isn't waiting for the festivities to officially begin. It's announced about a dozen new products over the last few days. Among them are updates to two of the company's virtual analog synths, the roughly 10-year-oâ¦"
technology,A crucial team at Google that reviewed new AI products for compliance with its rules for responsible AI development faces an uncertain future after its leader departed this month.
technology,"Ex-Google CEO Eric SchmidtÂ is quietly building a kamikaze drone startup in the U.S. and Ukraine called âWhite Stork,â according to a report by Forbes Tuesday. The project is named after Ukraineâs national bird and White Stork hopes to sell advanced AI drone tâ¦"
technology,"In his new book ""Read Write Own,"" investor Chris Dixon mounts a defense of blockchain, arguing it can save society from the monopoly power of tech giants."
technology,"A low-cost model of Tesla will launch in 2024, CEO Elon Musk told investors. It could help the EV maker compete with BYD and other surging Chinese automakers."
technology,"Itâs been over seven years since Apple found the âcourageâ to remove the 3.5mm headphone jack from the iPhone, in turn forcing wireless headphones into the limelight. To this day, listening to hi-res lossless music on a phone usually means a hunt for a rare hâ¦"
technology,"Last month, Bose took an interesting approach to debuting a new product when it launched its Ultra Open Earbuds exclusively through a collaboration with fashion company Kith. Now, Bose is back with its own version, nixing the co-branding while keeping the samâ¦"
technology,"The little helicopter touched down with the Perseverance rover in 2021. On January 25, NASA announced that the flying vehicle had to perform an emergency landing which damaged one of its rotors and ended its mission.Read more..."
technology,"A scholar of 18th-century history was overwhelmed by piles of letters, journals, and legal documents. He tried using AI on a whim âÂ and found it surprisingly useful."
technology,The CEO of GitHub says half of all code produced by users of the Copilot programming helper is now AI-generatedâbut that thereâs no sign the technology will replace human coders.
technology,"Elgatoâs going all-in on HDMI 2.1. The company just announced a pair of capture cards
 that support the latest display technology specification. The 4K X and 4K Pro offer true HDR10 support, USB 3.2 connectivity, VRR and can capture 4K gameplay at 144fps.

â¦"
technology,"The MicroKorg 2 has some big britches to fill. The original MicroKorg is one of, if not the best selling synthesizer of all time. It's also probably the longest continuously manufactured synth, having hit the market in 2002. Of course, technology has advancedâ¦"
technology,"Hideo Kojima is a busy, busy man. Not only does he have Death Stranding 2, a movie based on the first game and Xbox horror title OD on his plate, he's developing a brand new game for PlayStation. He'll be going back to his roots, as it's an action-espionage tâ¦"
technology,"Intuitive Machines is preparing its Nova-C lander for takeoff, hoping that it becomes the first private mission to touchdown on the lunar surface following a a few failed attempts by others. The lander is packed with science and technology instruments for NASâ¦"
technology,"Chrysler revealed its Halcyon concept, a stunning four-door sports car with electric and autonomous capabilities. And more importantly, itâs not a minivan."
technology,"Apple is making major changes to the App Store in Europe in response to new European Union laws. Beginning in March, Apple will allow users in the EU to download apps and make purchases from outside its App Store. These changes are already being stress-testedâ¦"
technology,"CEO Sundar Pichai tells WIRED that Google's new, more powerful Gemini chatbot is an experiment in offering users a way to find information and get things done without a search engine."
technology,"This week, we trace the first decade of Slack, and we examine how the chat app has altered both the workplace and our personal livesâfor better or worse."
technology,Universal Music Group is expected to pull its music from TikTok following accusations that it attempted to âbullyâ the record label into accepting a subpar licensing deal.
technology,British sculptor Nick Hornby uses computer modeling to make mashups of famous artworks and historical figures that shift and change depending on your perspective.
technology,The company sends stool samples to the University of Cambridge for microbiome analysis.
technology,"Apple engineers deal with a lot of confidential information, but leaking those secrets could land you in jail. Xiaolang Zhang was sentenced to 120 days in prison this week after being convicted of stealing Appleâs self-driving car technology, according to Calâ¦"
technology,"The Federal Trade Commission is launching an inquiry into massive investments made by Microsoft, Amazon and Alphabet into generative AI startups OpenAI and Anthropic, the agency announced on Thursday. The FTC said that it had issued âcompulsory ordersâ to theâ¦"
technology,"A month after the mysterious Biden calls in New Hampshire, the FCC can now go after robocall scammers that use AI voice clones."
technology,"The FDA
 has provided clearance
 for a medical device called Osteoboost
, a vibrating belt that improves bone density in patients with osteopenia
. The device, which was developed by California-based startup Bone Health Technologies and in part with NASA
â¦"
technology,Business Secretary Kemi Badenoch said Henry Staunton's departure was about more than the Horizon scandal.
technology,"Stability AI promises Stable Cascade generates images faster, follows text prompts better, and offers better âaesthetic qualityâ than Stable Diffusion."
technology,"On January 29, Amazon started inserting ads into the viewing experience of Prime Video subscribers. The company announced the change last year, telling customers that it will start showing ""limited advertisements"" with its service's movies and shows so that iâ¦"
technology,Some of the world's earliest pet portraits caught on camera are put online by a Bradford museum.
technology,"ElevenLabs, an AI startup that offers voice cloning services with its tools, has banned the user that created an audio deepfake of Joe Biden used in an attempt to disrupt the elections, according to Bloomberg. The audio impersonating the president was used inâ¦"
technology,A chatbot interface on LinkedIn tries to speed up job searches by offering advice such as an assessment of how well a job opening matches a person's skills.
technology,Shopify adds more AI features to the platform. It now offers AI image editing for sellers to change backgrounds on product photos and more intuitive searches.
technology,"Despite the flagging economy, demand is strong for helicopters and new models are being launched."
technology,"As of March 14, you wonât be able to share your Hulu or Disney+ login information anymore."
technology,"Remember the Apple car rumors? Project Titan, as itâs apparently called, is still progressing, with perhaps, a dose of reality. Bloombergâs Mark Gurman says the companyâs decade-old project has shifted from creating a fully self-driving car to an EV more likeâ¦"
technology,"Fandomâs new features include automatic image reviews and Quick Answers, which generates Q&A-style dropdowns on characters."
technology,The Democratic senator from Hawaii explains why KOSA wonât lead to harmful speech restrictions.
technology,"Disney will invest $1.5 billion in Epic Games, the creator of Fortnite, the company announced on Wednesday. As part of the initiative, Disney and Epic Games will create a brand new âgames and entertainment universeâ over the next few years, Disney said in a sâ¦"
technology,A new report cited 28 âverifiedâ accounts on X that appear to be tied to sanctioned groups or individuals.
technology,"If youâve considered splurging on a premium monitor, Samsung has some deals worth investigating. The companyâs offerings, including the 55-inch Odyssey Ark (available for a record-low $2,000), 57-inch Odyssey Neo G9 ($500 off) and 49-inch Odyssey OLED G9 ($40â¦"
technology,"The world seemingly, at the same time, held its breath with the reveal of OpenAIâs video generator, Sora, Itâs as if everyone watching these marvelous fake videos realized that maybe technology had gone too far. Apple Vision Pro was supposed to be that realitâ¦"
technology,The moves comes as concerns grow around misinformation and artificial intelligence ahead of the US election.
technology,"OpenAI has suspended the developer behind Dean.Bot, a ChatGPT-powered bot designed to impersonate Democratic presidential candidate Dean Phillips to help bolster his campaign, according to The Washington Post
. The chatbot was created by AI startup Delphi foâ¦"
technology,A computer glitch has put the future of humanityâs farthest-flung space probe in doubt.
technology,"Researchers at Apple have unveiled Keyframer, a prototype generative AI tool that enables users to add motion to 2D images by describing how they should be animated."
technology,"The race to implant smartphone technology directly into your brain stem heated up when Neuralink implanted a chip into its first human brain on Sunday. To rival this new step in technology, China set a timeline to develop its own âbrain-computer interfaceâ onâ¦"
technology,"Microsoftâs latest Windows 11 test builds include a new super resolution AI feature. It appears to be similar to DLSS, and could improve game frame rates and image quality."
technology,"Researchers at MIT have developed a rapid 3D-printing technique
 that uses liquid metal to allow for extremely fast prints. The process can manufacture large aluminum components in minutes, whereas many pre-existing techniques would take hours to finish the â¦"
technology,"Silicon Valleyâs top pundit dishes on her memoir Burn Book, immature billionaires, and whether sheâs actually mean."
technology,Only six UK firms became a unicorn last year by achieving a valuation of more than a billion dollars.
technology,"A Waymo robotaxi struck a cyclist in San Francisco, causing minor injuries. The cyclist was obscured by a large truck that was turning, Waymo says."
technology,"George Freeman's constituents show little sympathy for the MP, who earned Â£118,300 as a minister."
technology,"AI is elbowing its way into ever more jobs, but while how we work will change, people skills will still be the most important factor."
technology,"Adam Selipsky, CEO of Amazonâs dominant cloud platform AWS, says generative AI is valuable but that the excitement around some AI companies is similar to when dotcom darlings were âdramatically overhyped.â"
technology,âDistributed acoustic sensingâ looks for disturbances in fiber to detect earthquakes and even insects. Can it also improve rail safety?
technology,"After letting rival camera companies catch up for the last few years, Sony laid down a gauntlet with the 24.6-megapixel A9 III. Itâs the worldâs first mirrorless camera with a global shutter, a much-awaited holy grail feature. It completely eliminates rollingâ¦"
technology,"This week, the scientific journal Frontiers in Cell and Developmental Biology published research featuring bogus imagery made with Midjourney, one of the most popular AI image generators.Read more..."
technology,"One of the more unsettling things about AI is how blisteringly fast the technology develops. A few months ago, it seemed like useful AI-generated video tools were still out of reach. Well, now thatâs over. OpenAI just released a new text-to-video generator caâ¦"
technology,"Bank of England governor says AI has ""great potential"" after Lords report urged UK to embrace AI."
technology,"The move is designed to help stop teenagers receiving inappropriate pictures, even in encrypted chats"
technology,This story was originally published by Grist. Sign up for Gristâs weekly newsletter here.Read more...
technology,"As the US and other countries ponder how to prevent dangerous uses of AI, some researchers suggest building limitations into crucial chips like GPUs to cap the power of algorithms."
technology,If you're hunting for a new screen to watch the gameâor catch up on Oscar-nominated movies before the awards showâwe've rounded up some excellent TV deals.
technology,"Priscilla Chomba-Kinywa, CTO of Greenpeace, says technology firms must shape upâand consumers and business clients should walk away if they donât."
technology,"Thereâs a lot of pressure on the new Apple Vision Pro headset, which starts at $3,499 and marks the beginning of something called âspatial computing.â The ambition is enormous, but the Vision Pro also represents a series of really big tradeoffs."
technology,"X is now adding passkey support for iOS users, allowing users to the passwords and login securely with the Face ID, Touch ID, or device passcode on iPhone and iPad."
technology,"Plus: Russia was likely behind widespread GPS outages, Vault 7 leaker was sentenced, police claim to trace Monero cryptocurrency, and more."
technology,"All the details revealed for new films and TV shows arriving on Netflix, Disney Plus, Max, and other streaming video services throughout 2024."
technology,"Appleâs new plan to give a higher cut of royalties to artists who offer spatial audio has pissed off some indie labels, who argue it will take potential earnings away from them in favor of companies with more resources at their disposal, according to a reportâ¦"
technology,"Microsoft researchers announced LASER, a method that improves the accuracy of large language models by removing some data correlations."
technology,"A new mission is headed towards the Moon, with hopes of touching down on the lunar surface for a chance at a historic landing. But given the recent string of failures, weâre understandably nervous.Read more..."
technology,"European app makers are seething, comparing Apple to âthe Mafiaâ and piling pressure on lawmakers to act."
technology,"Intuitive Machinesâ Odysseus lander has begun its eight-day voyage to the Moon. The mission is fraught with peril, as every previous attempt by private companies to land softly on the Moon has ended in failure. Hereâs what needs to go right for this Houston-bâ¦"
technology,"With a healthy dose of heart and whimsy, the Sundance documentary Seeking Mavis Beacon follows two young Black women who are devoted to finding the original model for Mavis Beacon Teaches Typing. If you touched a computer during the '80s or '90s, there's a goâ¦"
technology,Elected officials have been targeted by dangerous pranks which saw heavily armed police sent to their homes.
technology,The Times plans to hire a mix of engineers and editors for a new team that will experiment with generative AI and machine learning.
economics,"The blimp, the airship, the dirigible. Whatever you call them, you probably donât find yourself thinking about them too often. They were an easy way to get airborne, predating the invention oâ¦"
economics,"Back in 2004,  Stewart made an appearance on CNN's ""Crossfire"" where he called Carlson a ""dick."""
economics,"DC is supported by strong solar legislation. Between federal and local programs, DC has a lot of incentives for going solar."
economics,"It's a mighty fine time to be a pro wrestling fan. The industry is going through a bit of a boom period, with multiple companies churning out quality content on the regular. Barely a week goes by without fans enjoying at least two or three excellent displays â¦"
economics,During the pandemic 20-somethings were asked to sacrifice a great deal. Their frustration is reshaping American society.
economics,The numbing cold is expected to ease in the coming days as water systems in Memphis and other Tennessee cities battle broken pipes that have caused boil-water notices.
economics,"The chairman of the US Federal Reserve, Jerome Powell, said his goal is âto get wages down.â In a press conference on May 4, Powell announced that the Fed would be raising interest rates by half a percentage and implementing policies aimed at reducing inflatiâ¦"
economics,"Check cashing, as a business, is a poorly understood ""alternative"" financial service."
economics,"After the loss of behind-the-scenes talent and the acquisition of rights to WWE, Netflix is starting to feel more and more like basic cable."
economics,"Gen Z and millennial workers are seeing their productivity take a hit partly because of friction with older managers, according to a new report."
economics,"Last week, The Browser Company, a startup that makes the Arc web browser, released
 a slick new iPhone app called Arc Search. Instead of displaying links, its brand new âBrowse for Meâ feature reads the first handful of pages and summarizes them into a singlâ¦"
economics,"Kansas City Chiefs tight-end Travis Kelce is in ads asking whether people know their credit scores, but the deal isn't so great for customers."
economics,"Flawed Paradigms, Methodology, and Epistemology"
economics,"In a world of closed platforms, browser extensions are the rare exception that let users modify the apps that we use."
economics,The world's third-largest democracy is facing a crucial test of its hard-fought-for civil ideas.
economics,"The American suburbs can be isolating, boring, and unsustainable places. Bike lanes, apartment buildings, and Sweetgreen could fix that."
economics,How can we explain what seems to be the most durable of all state monopolies?
economics,Comments
economics,"KÃ¸benhavns Universitet - Financial Markets Microstructure Course, Spring 2020"
economics,"Background In 2015, the Dutch research council, NWO, took measures to combat gender bias disadvantaging female applicants in a popular three-tiered funding scheme called the Talent Programme. The innovation scheme consists of three grants for different careerâ¦"
economics,A new report details how both sides of the U.S.-China rivalry have boosted their defense spending in the past year.
economics,
economics,"Still can't get over the 2024 Super Bowl? Then watch these five great Netflix movies starring Brad Pitt, Michael Fassbender, Jason Momoa, Zendaya, and more."
economics,"Over half of all jobs driving the US economy will be significantly impacted by AI, according to a new study."
economics,"In today's big story, we're previewing Tesla's make-or-break earnings report."
economics,"The office market has seen values crushed in the last few years, and it is the one sector that never saw a rebound from the pandemic, Sternlicht said."
economics,Comments
economics,"The number of homes sold dropped to the lowest in nearly three decades, as prices continued to climb."
economics,"E. Tammy Kim on the Japanese philosopher Kohei Saitoâs book âSlow Down: The Degrowth Manifesto,â which makes the case for communism as a climate-change solution."
economics,Finland has a new president after former Prime Minister Alexander Stubb narrowly won a runoff vote on Sunday
economics,"Investment in US commercial real estate plunged 52% to $348 billion in 2023, with office properties seeing the biggest drop."
economics,"Medical recordkeeping was originally a way to chart a patientâs course of illness and support clinicians in finding the best course. Now, electroni..."
economics,"Sam Altman is not playing around. He wants to build new chip factories in the decidedly unsafe and unfriendly UAE. He wants to build up the worldâs supply of energy so we can run those chips. What does he say these projects will cost? Oh, up to seven trillionâ¦"
economics,"Once again, there is no piracy without ownership"
economics,"In a sign of Navalny's ability to inspire the public, in 2017 his followers chanted words in Putin's hometown that are among the most dangerous to utter in their country: ""Russia without Putin."""
economics,"Mathematics was the cornerstone of the Industrial Revolution. A new paradigm of measurement and calculation, more than scientific discovery, built industry, modernity, and the world we inhabit today."
economics,Remember Magazines?
economics,The tyranny of per-core licensing
economics,The enduring success of her early 19th century novels are in large part due to their persistent relevance
economics,"China is adding more coal capacity, but its plants are running less often."
economics,"I take a dive into the world of software and look at the problem of managing dependencies. From the Unix design, we've inherited many problems. Can we nix them with 'Nix'?"
economics,"From broken water infrastructure to billion-dollar funds, Michael Regan is on a mission for lasting change."
economics,How can the President pull off a win? There is no shortage of advice. The easiest path might be to run as Democrats have done successfully since 2016: against Trumpâs assault on democracy and against his movementâs extremism. Benjamin Wallace-Wells reports.
economics,The decline and fall of the print media.
economics,A university accidentally printed the answers on one of their exams and is making students resit.
economics,Comments
economics,"LegalShield's Consumer Stress Legal Index increased for the 10th month in a row in December, reaching its highest point since November 2020."
economics,"The big question in natalism is about whether birthrates fall, primarily, because of culture. Or whether they fall because of economic factors. The argument for culture goes something like this; âmost of our great grandmothers gave birth to several children, â¦"
economics,The list of eligible EVs that qualify for the EV tax credit shrank in 2024. But experts expect it to grow. Find the current list here.
economics,"""Based on data in recent months, we no longer feel it is appropriate to make a mild recession our base case in 2024 or 2025,"" an economist said."
economics,"Take Two Interactive said people are so excited for ""Grand Theft Auto 6"" that older ""GTA"" games are seeing a boost in sales on Netflix Games."
economics,"Developments around relationships and dating have a relatively small speed premium, so I figured I would wait until I had a full post worth of them. Indeed I now present such a post, in which I present several theories as to why so many of you might still be â¦"
economics,"""Let's face it, having a child is kind of like owning an investment with no guaranteed return for at least 18 years,"" one woman told Business Insider."
economics,"A new data release showed real GDP rose at an annualized rate of 3.3% in the last quarter of 2023, less than the 4.9% in the third quarter."
economics,This story was originally published by Grist. Sign up for Gristâs weekly newsletter here.Read more...
economics,"The ModulaTor publication is about the programming languages Oberon-2 and Modula-2: programming
examples, implementation notes, language comparisons, and language design. 72 back-issues available."
economics,Toy and games sales fell last year as family finances were stretched but one group is bucking the trend.
economics,"Journalists and media critics have been shrill about the deleterious state of media economics, and that alarm is deserved: quality journalism is extraordinarily hard to do in the best of circumstances and now it is no longer viable."
economics,Forget squeezing millions from a few megahits at the top of the charts. The future of entertainment is in the millions of niche markets at the shallow end of the bitstream.
economics,"The intellectual rot of the modern University perverts and diminishes the works of its faculty and administrators, no matter how smart they are, no matter"
economics,Watching both men in office reveals a sharp distinction
economics,"Subfreezing conditions and treacherous roads have contributed to dozens of deaths this month across the U.S., where states as far south as Texas and Florida remain gripped by deadly arctic weather."
economics,We can all be inconsistent. Philosophy illuminates a bigger puzzle: how do we hold contradictory beliefs at the same time?
economics,"Pandemic work-from-home trends have left countless office buildings empty, crushing property values as rates rise and loans come due."
economics,Comments
economics,"Baird, T. D., J. T. McCabe, E. Woodhouse, I. Rumas, S. Sankeni, and G. O. Saitoti. 2021. Mobile phones and wrong numbers: how Maasai agro-pastoralists form and use accidental social ties in East Africa. Ecology and Society 26(2):41. https://doi.org/10.5751/ESâ¦"
economics,Moscow looks poised to continue funding its war for a third year â and wars are expensive.
economics,Senegalâs presidential election has been postponed to December amid questions of fairness and corruption surrounding the official candidate list.
economics,The Biden Administration may yet regret not taking a stronger stance to protect in Pakistan the democratic values it claims to hold so dear.
economics,"or: give Pokemon guns, not term sheets"
economics,It turns out that the pandemic's economic situation was pretty good for younger Americans' net worths.
economics,What happens if AI learns to teach itself?
economics,"Under Ballot Measure 110, instead of arresting drug users, police give them a citation and point them towards treatment. Over three years in, there's a debate about whether it's succeeded or failed."
economics,Watching both men in office reveals a sharp distinction.
economics,"There are no city buses with just four seats. And none with 400 seats. We get to leverage the driverâs effort if we put in a few more seats, but add too many and the bus is too big to make a turnâand soon weâd have to add conductors and cleaners and then the â¦"
economics,"New research suggests that most jobs could be disrupted in some way by generative AI in the next ten years. [â¦]
The post Generative AI set to disrupt majority of jobs in next decade, study reveals appeared first on ReadWrite."
economics,In Southern California days of rain have turned hills into rivers of mud. Dartmouth is reinstating SAT and ACT testing requirements.
economics,A serial AI entrepeneur shares why he hires liberal arts and humanities graduates for his AI startup. He said creative thinkers are crucial to AI.
economics,Sierra Space has conducted a pressure test on its LIFE space habitat that ended with a dramatic â though expected â explosion.
economics,One manâs thought has become pivotal in Chinaâs new political and cultural crackdowns. That man is not Xi Jinping.
economics,"Ni el cacao se salva de la volatilidad que ha sacudido los precios de las materias primas durante los Ãºltimos aÃ±os. Un cÃ³ctel de factores, en los que se mezclan el estado de las plantaciones, factores climÃ¡ticos y el propio mercado, estÃ¡ dando forma a lo que â¦"
economics,The transformation of Alabama politics in the 1960s and 1970s reflected the rise of a new version of Republicanism that Trump has perfected.
economics,"Basic ad-free plan being ripped from subscribers in Canada, UK first."
economics,"We need to focus not just on what we want AI to be, but who we want to be."
economics,Michael Schwimer has discovered the ultimate cash cow for investors: teenage athletes. Just don't call it indentured servitude.
economics,"Steve Jobs and Jony Ive prioritized packaging, which they said could be ""theatre""."
economics,"The Fearless Fund, run by Arian Simone and Ayana Parsons, was sued by an organization led by Edward Blum and is now at the center of a major civil rights fight."
economics,The billionaire former President brought Chileâs political right wing out from the shadow of former dictator Augusto Pinochet.
economics,"Working in tech, Amber Smith was laid off twice by the time she was 26. She said she's made good money in the industry, but says it's tough."
economics,"Walmart is the largest company in the world. Its elite, well-compensated trucking fleet is part of the reason why."
economics,"Last year's estimated $444 billion in commercial lending could mark the lowest level in a decade, the Mortgage Bankers Association said."
economics,"The gap between US and Chinese tech stocks is widening, at a time when Beijing is reportedly mulling rare market intervention measures."
economics,Comments
economics,Donald Trump can't help bragging about his wealth. But his boasts helped fuel the  $83.3M E. Jean Carroll verdict and may hurt in his NY fraud case.
economics,"Aditya Verma sent a Snapchat message in July 2022 saying he was about to ""blow up"" a plane."
economics,"Fiction by Patrick Langley: In the next ten days, Spider made further appearances. Some were comic, others sinister; most were both."
economics,"If polls are not perfect predictors of an incumbent's reelection, is there something else that is? Observers have long sought the True North by which to set their compass and their expectations."
economics,Belinda RomÃ¡n teaches at a little-known Catholic university in Texas. She called the economy better than Goldman Sachs and JPMorgan last year.
economics,Closing underperforming stores and shutting at least 79 small-format locations are good preparation for Walmart's big expansion plans.
